Log_File,Child_Node,Reward
epistemic_75,1,0.78
epistemic_75,2,0.66
epistemic_75,3,0.76
epistemic_75,4,0.48
epistemic_75,5,0.46
epistemic_75,6,0.72
epistemic_75,7,0.44
epistemic_75,8,0.6
epistemic_75,9,0.72
epistemic_75,10,0.82
epistemic_75,11,0.8
epistemic_75,12,0.44
epistemic_75,13,0.56
epistemic_75,14,0.62
epistemic_75,15,0.58
epistemic_75,16,0.58
epistemic_75,17,0.42
epistemic_75,18,0.72
epistemic_75,19,0.7
epistemic_75,20,0.62
epistemic_75,21,0.54
epistemic_75,22,0.6
epistemic_75,23,0.58
epistemic_75,24,0.64
epistemic_75,25,0.66
epistemic_75,26,0.5
epistemic_75,27,0.58
epistemic_75,28,0.62
epistemic_75,29,0.6
epistemic_75,30,0.54
penguins_in_a_table_52,1,0.88
penguins_in_a_table_52,2,0.8
penguins_in_a_table_52,3,0.72
penguins_in_a_table_52,4,0.82
penguins_in_a_table_52,5,0.8
penguins_in_a_table_52,6,0.68
penguins_in_a_table_52,7,0.8
penguins_in_a_table_52,8,0.74
penguins_in_a_table_52,9,0.78
penguins_in_a_table_52,10,0.84
penguins_in_a_table_52,11,0.84
penguins_in_a_table_52,12,0.8
penguins_in_a_table_52,13,0.78
penguins_in_a_table_52,14,0.76
penguins_in_a_table_52,15,0.86
penguins_in_a_table_52,16,0.74
penguins_in_a_table_52,17,0.68
penguins_in_a_table_52,18,0.88
penguins_in_a_table_52,19,0.82
penguins_in_a_table_52,20,0.7
penguins_in_a_table_52,21,0.78
penguins_in_a_table_52,22,0.86
penguins_in_a_table_52,23,0.78
penguins_in_a_table_52,24,0.76
penguins_in_a_table_52,25,0.82
penguins_in_a_table_52,26,0.76
penguins_in_a_table_52,27,0.68
penguins_in_a_table_52,28,0.72
penguins_in_a_table_52,29,0.92
penguins_in_a_table_52,30,0.86
object_counting_90,1,0.24
object_counting_90,2,0.2
object_counting_90,3,0.24
object_counting_90,4,0.24
object_counting_90,5,0.26
object_counting_90,6,0.24
object_counting_90,7,0.26
object_counting_90,8,0.56
object_counting_90,9,0.2
object_counting_90,10,0.46
object_counting_90,11,0.44
object_counting_90,12,0.54
object_counting_90,13,0.3
object_counting_90,14,0.68
object_counting_90,15,0.38
object_counting_90,16,0.16
object_counting_90,17,0.32
object_counting_90,18,0.26
object_counting_90,19,0.3
object_counting_90,20,0.76
object_counting_90,21,0.22
object_counting_90,22,0.72
object_counting_90,23,0.48
object_counting_90,24,0.56
object_counting_90,25,0.26
object_counting_90,26,0.74
object_counting_90,27,0.22
object_counting_90,28,0.46
object_counting_90,29,0.3
object_counting_90,30,0.24
object_counting_90,31,0.86
object_counting_90,32,0.26
object_counting_90,33,0.62
penguins_in_a_table_17,1,0.8
penguins_in_a_table_17,2,0.72
penguins_in_a_table_17,3,0.72
penguins_in_a_table_17,4,0.82
penguins_in_a_table_17,5,0.78
penguins_in_a_table_17,6,0.86
penguins_in_a_table_17,7,0.64
penguins_in_a_table_17,8,0.88
penguins_in_a_table_17,9,0.86
penguins_in_a_table_17,10,0.92
penguins_in_a_table_17,11,0.78
penguins_in_a_table_17,12,0.68
penguins_in_a_table_17,13,0.78
penguins_in_a_table_17,14,0.78
penguins_in_a_table_17,15,0.8
penguins_in_a_table_17,16,0.9
penguins_in_a_table_17,17,0.76
penguins_in_a_table_17,18,0.78
penguins_in_a_table_17,19,0.84
penguins_in_a_table_17,20,0.78
penguins_in_a_table_17,21,0.8
penguins_in_a_table_17,22,0.84
penguins_in_a_table_17,23,0.82
penguins_in_a_table_17,24,0.82
penguins_in_a_table_17,25,0.78
penguins_in_a_table_17,26,0.78
penguins_in_a_table_17,27,0.74
penguins_in_a_table_17,28,0.92
penguins_in_a_table_17,29,0.76
penguins_in_a_table_17,30,0.82
geometric_shapes_37,1,0.26
geometric_shapes_37,2,0.24
geometric_shapes_37,3,0.28
geometric_shapes_37,4,0.16
geometric_shapes_37,5,0.32
geometric_shapes_37,6,0.36
geometric_shapes_37,7,0.34
geometric_shapes_37,8,0.34
geometric_shapes_37,9,0.36
geometric_shapes_37,10,0.36
geometric_shapes_37,11,0.36
geometric_shapes_37,12,0.36
geometric_shapes_37,13,0.34
geometric_shapes_37,14,0.34
geometric_shapes_37,15,0.48
geometric_shapes_37,16,0.36
geometric_shapes_37,17,0.3
geometric_shapes_37,18,0.34
geometric_shapes_37,19,0.34
geometric_shapes_37,20,0.32
geometric_shapes_37,21,0.34
geometric_shapes_37,22,0.4
geometric_shapes_37,23,0.42
geometric_shapes_37,24,0.3
geometric_shapes_37,25,0.42
geometric_shapes_37,26,0.4
geometric_shapes_37,27,0.42
geometric_shapes_37,28,0.18
geometric_shapes_37,29,0.48
geometric_shapes_37,30,0.38
geometric_shapes_37,31,0.48
geometric_shapes_37,32,0.36
geometric_shapes_37,33,0.36
geometric_shapes_37,34,0.42
geometric_shapes_37,35,0.32
geometric_shapes_37,36,0.36
geometric_shapes_37,37,0.38
geometric_shapes_37,38,0.48
geometric_shapes_37,39,0.42
geometric_shapes_37,40,0.38
geometric_shapes_37,41,0.3
geometric_shapes_37,42,0.4
geometric_shapes_37,43,0.38
geometric_shapes_37,44,0.52
geometric_shapes_37,45,0.38
geometric_shapes_37,46,0.34
geometric_shapes_37,47,0.28
geometric_shapes_37,48,0.36
geometric_shapes_37,49,0.34
geometric_shapes_37,50,0.46
geometric_shapes_37,51,0.42
geometric_shapes_37,52,0.36
geometric_shapes_37,53,0.44
geometric_shapes_37,54,0.34
geometric_shapes_37,55,0.28
geometric_shapes_37,56,0.46
geometric_shapes_37,57,0.34
geometric_shapes_112,1,0.36
geometric_shapes_112,2,0.32
geometric_shapes_112,3,0.3
geometric_shapes_112,4,0.38
geometric_shapes_112,5,0.32
geometric_shapes_112,6,0.34
geometric_shapes_112,7,0.38
geometric_shapes_112,8,0.3
geometric_shapes_112,9,0.32
geometric_shapes_112,10,0.18
geometric_shapes_112,11,0.32
geometric_shapes_112,12,0.46
geometric_shapes_112,13,0.36
geometric_shapes_112,14,0.28
geometric_shapes_112,15,0.38
geometric_shapes_112,16,0.32
geometric_shapes_112,17,0.36
geometric_shapes_112,18,0.36
geometric_shapes_112,19,0.14
geometric_shapes_112,20,0.06
geometric_shapes_112,21,0.34
geometric_shapes_112,22,0.48
geometric_shapes_112,23,0.36
geometric_shapes_112,24,0.46
geometric_shapes_112,25,0.36
geometric_shapes_112,26,0.38
geometric_shapes_112,27,0.52
geometric_shapes_112,28,0.48
geometric_shapes_112,29,0.32
geometric_shapes_112,30,0.4
geometric_shapes_112,31,0.48
geometric_shapes_112,32,0.48
geometric_shapes_112,33,0.42
geometric_shapes_112,34,0.38
geometric_shapes_112,35,0.42
geometric_shapes_112,36,0.34
geometric_shapes_112,37,0.44
geometric_shapes_112,38,0.4
geometric_shapes_112,39,0.44
geometric_shapes_112,40,0.42
geometric_shapes_112,41,0.4
geometric_shapes_112,42,0.38
geometric_shapes_112,43,0.3
geometric_shapes_112,44,0.44
geometric_shapes_112,45,0.38
geometric_shapes_112,46,0.34
geometric_shapes_112,47,0.6
geometric_shapes_112,48,0.26
geometric_shapes_112,49,0.2
geometric_shapes_112,50,0.26
geometric_shapes_112,51,0.24
geometric_shapes_112,52,0.38
geometric_shapes_112,53,0.4
geometric_shapes_112,54,0.32
geometric_shapes_112,55,0.32
geometric_shapes_112,56,0.34
geometric_shapes_112,57,0.32
geometric_shapes_112,58,0.4
geometric_shapes_112,59,0.38
geometric_shapes_112,60,0.4
causal_judgement_9,1,0.56
causal_judgement_9,2,0.54
causal_judgement_9,3,0.58
causal_judgement_9,4,0.6
causal_judgement_9,5,0.58
causal_judgement_9,6,0.52
causal_judgement_9,7,0.6
causal_judgement_9,8,0.56
causal_judgement_9,9,0.58
causal_judgement_9,10,0.58
causal_judgement_9,11,0.54
causal_judgement_9,12,0.62
causal_judgement_9,13,0.62
causal_judgement_9,14,0.68
causal_judgement_9,15,0.56
causal_judgement_9,16,0.5
causal_judgement_9,17,0.56
causal_judgement_9,18,0.6
causal_judgement_9,19,0.54
causal_judgement_9,20,0.6
causal_judgement_9,21,0.58
causal_judgement_9,22,0.64
causal_judgement_9,23,0.54
causal_judgement_9,24,0.64
causal_judgement_9,25,0.64
causal_judgement_9,26,0.58
causal_judgement_9,27,0.54
causal_judgement_9,28,0.54
causal_judgement_9,29,0.56
causal_judgement_9,30,0.66
causal_judgement_9,31,0.58
causal_judgement_9,32,0.56
causal_judgement_9,33,0.6
causal_judgement_9,34,0.54
causal_judgement_9,35,0.7
causal_judgement_9,36,0.64
object_counting_3,1,0.28
object_counting_3,2,0.24
object_counting_3,3,0.22
object_counting_3,4,0.36
object_counting_3,5,0.26
object_counting_3,6,0.34
object_counting_3,7,0.22
object_counting_3,8,0.32
object_counting_3,9,0.26
object_counting_3,10,0.52
object_counting_3,11,0.48
object_counting_3,12,0.2
object_counting_3,13,0.6
object_counting_3,14,0.46
object_counting_3,15,0.66
object_counting_3,16,0.36
object_counting_3,17,0.4
object_counting_3,18,0.64
object_counting_3,19,0.38
object_counting_3,20,0.68
object_counting_3,21,0.56
object_counting_3,22,0.46
object_counting_3,23,0.3
object_counting_3,24,0.8
object_counting_3,25,0.4
object_counting_3,26,0.38
object_counting_3,27,0.34
object_counting_3,28,0.46
object_counting_3,29,0.6
object_counting_3,30,0.52
object_counting_3,31,0.64
object_counting_3,32,0.44
object_counting_3,33,0.28
object_counting_3,34,0.46
object_counting_3,35,0.7
object_counting_3,36,0.32
object_counting_3,37,0.24
object_counting_3,38,0.16
object_counting_3,39,0.28
object_counting_3,40,0.28
object_counting_3,41,0.62
object_counting_3,42,0.74
object_counting_3,43,0.22
object_counting_3,44,0.76
object_counting_3,45,0.5
object_counting_3,46,0.78
object_counting_3,47,0.54
object_counting_3,48,0.32
epistemic_375,1,0.6
epistemic_375,2,0.56
epistemic_375,3,0.44
epistemic_375,4,0.74
epistemic_375,5,0.52
epistemic_375,6,0.48
epistemic_375,7,0.7
epistemic_375,8,0.76
epistemic_375,9,0.64
epistemic_375,10,0.62
epistemic_375,11,0.64
epistemic_375,12,0.48
epistemic_375,13,0.54
epistemic_375,14,0.48
epistemic_375,15,0.56
epistemic_375,16,0.52
epistemic_375,17,0.82
epistemic_375,18,0.78
epistemic_375,19,0.82
epistemic_375,20,0.66
epistemic_375,21,0.6
epistemic_375,22,0.6
epistemic_375,23,0.86
epistemic_375,24,0.38
epistemic_375,25,0.58
epistemic_375,26,0.74
epistemic_375,27,0.6
epistemic_375,28,0.5
epistemic_375,29,0.58
epistemic_375,30,0.52
epistemic_250,1,0.72
epistemic_250,2,0.56
epistemic_250,3,0.54
epistemic_250,4,0.66
epistemic_250,5,0.6
epistemic_250,6,0.74
epistemic_250,7,0.44
epistemic_250,8,0.52
epistemic_250,9,0.62
epistemic_250,10,0.68
epistemic_250,11,0.64
epistemic_250,12,0.64
epistemic_250,13,0.66
epistemic_250,14,0.78
epistemic_250,15,0.66
epistemic_250,16,0.36
epistemic_250,17,0.58
epistemic_250,18,0.58
epistemic_250,19,0.78
epistemic_250,20,0.68
epistemic_250,21,0.74
epistemic_250,22,0.64
epistemic_250,23,0.7
epistemic_250,24,0.58
epistemic_250,25,0.54
epistemic_250,26,0.56
epistemic_250,27,0.64
epistemic_250,28,0.6
epistemic_250,29,0.58
epistemic_250,30,0.52
temporal_sequences_3,1,0.38
temporal_sequences_3,2,0.52
temporal_sequences_3,3,0.46
temporal_sequences_3,4,0.84
temporal_sequences_3,5,0.76
temporal_sequences_3,6,0.62
temporal_sequences_3,7,0.46
temporal_sequences_3,8,0.74
temporal_sequences_3,9,0.56
temporal_sequences_3,10,0.88
temporal_sequences_3,11,0.72
temporal_sequences_3,12,0.76
temporal_sequences_3,13,0.74
temporal_sequences_3,14,0.8
temporal_sequences_3,15,0.22
temporal_sequences_3,16,0.66
temporal_sequences_3,17,0.74
temporal_sequences_3,18,0.68
temporal_sequences_3,19,0.8
temporal_sequences_3,20,0.78
temporal_sequences_3,21,0.52
temporal_sequences_3,22,0.72
temporal_sequences_3,23,0.7
temporal_sequences_3,24,0.78
temporal_sequences_3,25,0.84
temporal_sequences_3,26,0.68
temporal_sequences_3,27,0.76
temporal_sequences_3,28,0.94
temporal_sequences_3,29,0.64
geometric_shapes_22,1,0.44
geometric_shapes_22,2,0.28
geometric_shapes_22,3,0.34
geometric_shapes_22,4,0.34
geometric_shapes_22,5,0.3
geometric_shapes_22,6,0.54
geometric_shapes_22,7,0.38
geometric_shapes_22,8,0.46
geometric_shapes_22,9,0.28
geometric_shapes_22,10,0.48
geometric_shapes_22,11,0.5
geometric_shapes_22,12,0.32
geometric_shapes_22,13,0.44
geometric_shapes_22,14,0.36
geometric_shapes_22,15,0.56
geometric_shapes_22,16,0.48
geometric_shapes_22,17,0.48
geometric_shapes_22,18,0.4
geometric_shapes_22,19,0.42
geometric_shapes_22,20,0.32
geometric_shapes_22,21,0.34
geometric_shapes_22,22,0.4
geometric_shapes_22,23,0.42
geometric_shapes_22,24,0.36
geometric_shapes_22,25,0.34
geometric_shapes_22,26,0.34
geometric_shapes_22,27,0.28
geometric_shapes_22,28,0.28
geometric_shapes_22,29,0.42
geometric_shapes_22,30,0.32
geometric_shapes_22,31,0.32
geometric_shapes_22,32,0.4
geometric_shapes_22,33,0.42
geometric_shapes_22,34,0.46
geometric_shapes_22,35,0.4
geometric_shapes_22,36,0.2
geometric_shapes_22,37,0.44
geometric_shapes_22,38,0.26
geometric_shapes_22,39,0.42
geometric_shapes_22,40,0.34
geometric_shapes_22,41,0.4
geometric_shapes_22,42,0.46
geometric_shapes_22,43,0.2
geometric_shapes_22,44,0.38
geometric_shapes_22,45,0.42
geometric_shapes_22,46,0.42
geometric_shapes_22,47,0.48
geometric_shapes_22,48,0.32
geometric_shapes_22,49,0.32
geometric_shapes_22,50,0.48
geometric_shapes_22,51,0.38
geometric_shapes_22,52,0.38
geometric_shapes_22,53,0.52
geometric_shapes_22,54,0.46
epistemic_25,1,0.7
epistemic_25,2,0.58
epistemic_25,3,0.64
epistemic_25,4,0.68
epistemic_25,5,0.76
epistemic_25,6,0.76
epistemic_25,7,0.7
epistemic_25,8,0.68
epistemic_25,9,0.88
epistemic_25,10,0.66
epistemic_25,11,0.44
epistemic_25,12,0.72
epistemic_25,13,0.74
epistemic_25,14,0.52
epistemic_25,15,0.48
epistemic_25,16,0.88
epistemic_25,17,0.7
epistemic_25,18,0.68
epistemic_25,19,0.54
epistemic_25,20,0.64
epistemic_25,21,0.8
epistemic_25,22,0.6
epistemic_25,23,0.9
epistemic_25,24,0.68
epistemic_25,25,0.68
epistemic_25,26,0.76
epistemic_25,27,0.52
epistemic_25,28,0.6
epistemic_25,29,0.32
epistemic_25,30,0.7
temporal_sequences_150,1,0.72
temporal_sequences_150,2,0.34
temporal_sequences_150,3,0.36
temporal_sequences_150,4,0.82
temporal_sequences_150,5,0.62
temporal_sequences_150,6,0.78
temporal_sequences_150,7,0.82
temporal_sequences_150,8,0.78
temporal_sequences_150,9,0.8
temporal_sequences_150,10,0.7
temporal_sequences_150,11,0.78
temporal_sequences_150,12,0.8
temporal_sequences_150,13,0.88
temporal_sequences_150,14,0.78
temporal_sequences_150,15,0.84
temporal_sequences_150,16,0.66
temporal_sequences_150,17,0.66
temporal_sequences_150,18,0.8
temporal_sequences_150,19,0.8
temporal_sequences_150,20,0.9
temporal_sequences_150,21,0.9
temporal_sequences_150,22,0.92
temporal_sequences_150,23,0.78
temporal_sequences_150,24,0.8
temporal_sequences_150,25,0.78
temporal_sequences_150,26,0.8
temporal_sequences_150,27,0.88
temporal_sequences_150,28,0.84
temporal_sequences_150,29,0.64
temporal_sequences_150,30,0.84
temporal_sequences_150,31,0.82
temporal_sequences_150,32,0.84
temporal_sequences_150,33,0.68
temporal_sequences_150,34,0.8
temporal_sequences_150,35,0.54
temporal_sequences_150,36,0.76
temporal_sequences_150,37,0.6
temporal_sequences_150,38,0.62
temporal_sequences_150,39,0.7
temporal_sequences_150,40,0.72
temporal_sequences_150,41,0.9
temporal_sequences_150,42,0.84
geometric_shapes_7,1,0.22
geometric_shapes_7,2,0.38
geometric_shapes_7,3,0.2
geometric_shapes_7,4,0.34
geometric_shapes_7,5,0.4
geometric_shapes_7,6,0.38
geometric_shapes_7,7,0.34
geometric_shapes_7,8,0.34
geometric_shapes_7,9,0.4
geometric_shapes_7,10,0.42
geometric_shapes_7,11,0.42
geometric_shapes_7,12,0.52
geometric_shapes_7,13,0.26
geometric_shapes_7,14,0.38
geometric_shapes_7,15,0.34
geometric_shapes_7,16,0.26
geometric_shapes_7,17,0.4
geometric_shapes_7,18,0.28
geometric_shapes_7,19,0.44
geometric_shapes_7,20,0.42
geometric_shapes_7,21,0.44
geometric_shapes_7,22,0.36
geometric_shapes_7,23,0.34
geometric_shapes_7,24,0.34
geometric_shapes_7,25,0.32
geometric_shapes_7,26,0.42
geometric_shapes_7,27,0.36
geometric_shapes_7,28,0.32
geometric_shapes_7,29,0.38
geometric_shapes_7,30,0.32
geometric_shapes_7,31,0.42
geometric_shapes_7,32,0.46
geometric_shapes_7,33,0.4
geometric_shapes_7,34,0.4
geometric_shapes_7,35,0.48
geometric_shapes_7,36,0.48
geometric_shapes_7,37,0.44
geometric_shapes_7,38,0.44
geometric_shapes_7,39,0.48
geometric_shapes_7,40,0.38
geometric_shapes_7,41,0.42
geometric_shapes_7,42,0.62
geometric_shapes_7,43,0.4
geometric_shapes_7,44,0.5
geometric_shapes_7,45,0.54
geometric_shapes_7,46,0.34
geometric_shapes_7,47,0.44
geometric_shapes_7,48,0.4
geometric_shapes_7,49,0.16
geometric_shapes_7,50,0.32
geometric_shapes_7,51,0.44
geometric_shapes_7,52,0.36
geometric_shapes_7,53,0.32
geometric_shapes_7,54,0.44
geometric_shapes_7,55,0.4
geometric_shapes_7,56,0.44
geometric_shapes_7,57,0.28
geometric_shapes_7,58,0.5
geometric_shapes_7,59,0.44
geometric_shapes_7,60,0.38
epistemic_50,1,0.64
epistemic_50,2,0.68
epistemic_50,3,0.7
epistemic_50,4,0.74
epistemic_50,5,0.68
epistemic_50,6,0.62
epistemic_50,7,0.72
epistemic_50,8,0.64
epistemic_50,9,0.74
epistemic_50,10,0.76
epistemic_50,11,0.76
epistemic_50,12,0.72
epistemic_50,13,0.52
epistemic_50,14,0.72
epistemic_50,15,0.78
epistemic_50,16,0.74
epistemic_50,17,0.7
epistemic_50,18,0.74
epistemic_50,19,0.76
epistemic_50,20,0.76
epistemic_50,21,0.7
epistemic_50,22,0.84
epistemic_50,23,0.74
epistemic_50,24,0.46
epistemic_50,25,0.8
epistemic_50,26,0.6
epistemic_50,27,0.78
epistemic_50,28,0.76
epistemic_50,29,0.76
epistemic_50,30,0.72
epistemic_50,31,0.78
epistemic_50,32,0.56
epistemic_50,33,0.52
epistemic_50,34,0.64
epistemic_50,35,0.58
epistemic_50,36,0.62
temporal_sequences_60,1,0.68
temporal_sequences_60,2,0.68
temporal_sequences_60,3,0.46
temporal_sequences_60,4,0.78
temporal_sequences_60,5,0.78
temporal_sequences_60,6,0.74
temporal_sequences_60,7,0.64
temporal_sequences_60,8,0.58
temporal_sequences_60,9,0.84
temporal_sequences_60,10,0.74
temporal_sequences_60,11,0.92
temporal_sequences_60,12,0.74
temporal_sequences_60,13,0.44
temporal_sequences_60,14,0.78
temporal_sequences_60,15,0.76
temporal_sequences_60,16,0.76
temporal_sequences_60,17,0.82
temporal_sequences_60,18,0.9
temporal_sequences_60,19,0.84
temporal_sequences_60,20,0.72
temporal_sequences_60,21,0.82
temporal_sequences_60,22,0.7
temporal_sequences_60,23,0.72
temporal_sequences_60,24,0.78
temporal_sequences_60,25,0.84
temporal_sequences_60,26,0.7
temporal_sequences_60,27,0.66
temporal_sequences_60,28,0.94
temporal_sequences_60,29,0.66
temporal_sequences_60,30,0.84
temporal_sequences_60,31,0.52
temporal_sequences_60,32,0.54
temporal_sequences_60,33,0.64
temporal_sequences_15,1,0.56
temporal_sequences_15,2,0.86
temporal_sequences_15,3,0.48
temporal_sequences_15,4,0.76
temporal_sequences_15,5,0.58
temporal_sequences_15,6,0.36
temporal_sequences_15,7,0.68
temporal_sequences_15,8,0.48
temporal_sequences_15,9,0.62
temporal_sequences_15,10,0.68
temporal_sequences_15,11,0.5
temporal_sequences_15,12,0.8
temporal_sequences_15,13,0.54
temporal_sequences_15,14,0.84
temporal_sequences_15,15,0.62
temporal_sequences_15,16,0.76
temporal_sequences_15,17,0.48
temporal_sequences_15,18,0.86
temporal_sequences_15,19,0.74
temporal_sequences_15,20,0.6
temporal_sequences_15,21,0.5
temporal_sequences_15,22,0.58
temporal_sequences_15,23,0.76
temporal_sequences_15,24,0.7
temporal_sequences_15,25,0.46
temporal_sequences_15,26,0.64
temporal_sequences_15,27,0.42
temporal_sequences_15,28,0.3
temporal_sequences_15,29,0.36
temporal_sequences_15,30,0.5
temporal_sequences_15,31,0.58
temporal_sequences_15,32,0.8
temporal_sequences_15,33,0.48
causal_judgement_45,1,0.6
causal_judgement_45,2,0.58
causal_judgement_45,3,0.6
causal_judgement_45,4,0.56
causal_judgement_45,5,0.62
causal_judgement_45,6,0.56
causal_judgement_45,7,0.56
causal_judgement_45,8,0.4
causal_judgement_45,9,0.62
causal_judgement_45,10,0.56
causal_judgement_45,11,0.66
causal_judgement_45,12,0.66
causal_judgement_45,13,0.64
causal_judgement_45,14,0.54
causal_judgement_45,15,0.66
causal_judgement_45,16,0.7
causal_judgement_45,17,0.58
causal_judgement_45,18,0.74
causal_judgement_45,19,0.66
causal_judgement_45,20,0.54
causal_judgement_45,21,0.62
causal_judgement_45,22,0.64
causal_judgement_45,23,0.6
causal_judgement_45,24,0.62
causal_judgement_45,25,0.58
causal_judgement_45,26,0.54
causal_judgement_45,27,0.5
causal_judgement_45,28,0.58
causal_judgement_45,29,0.6
causal_judgement_45,30,0.62
causal_judgement_45,31,0.62
causal_judgement_45,32,0.7
causal_judgement_45,33,0.52
causal_judgement_45,34,0.62
causal_judgement_45,35,0.52
causal_judgement_45,36,0.48
causal_judgement_45,37,0.6
causal_judgement_45,38,0.54
causal_judgement_45,39,0.72
causal_judgement_45,40,0.58
causal_judgement_45,41,0.56
causal_judgement_45,42,0.64
causal_judgement_45,43,0.52
causal_judgement_45,44,0.46
causal_judgement_45,45,0.6
object_counting_150,1,0.22
object_counting_150,2,0.16
object_counting_150,3,0.3
object_counting_150,4,0.18
object_counting_150,5,0.3
object_counting_150,6,0.22
object_counting_150,7,0.32
object_counting_150,8,0.04
object_counting_150,9,0.64
object_counting_150,10,0.4
object_counting_150,11,0.34
object_counting_150,12,0.52
object_counting_150,13,0.84
object_counting_150,14,0.2
object_counting_150,15,0.72
object_counting_150,16,0.3
object_counting_150,17,0.52
object_counting_150,18,0.34
object_counting_150,19,0.46
object_counting_150,20,0.3
object_counting_150,21,0.88
object_counting_150,22,0.22
object_counting_150,23,0.2
object_counting_150,24,0.36
object_counting_150,25,0.24
object_counting_150,26,0.2
object_counting_150,27,0.22
object_counting_150,28,0.18
object_counting_150,29,0.12
object_counting_150,30,0.56
object_counting_150,31,0.78
object_counting_150,32,0.58
object_counting_150,33,0.56
object_counting_150,34,0.6
object_counting_150,35,0.48
object_counting_150,36,0.6
object_counting_150,37,0.62
object_counting_150,38,0.54
object_counting_150,39,0.54
object_counting_150,40,0.48
object_counting_150,41,0.72
object_counting_150,42,0.5
temporal_sequences_75,1,0.28
temporal_sequences_75,2,0.52
temporal_sequences_75,3,0.2
temporal_sequences_75,4,0.6
temporal_sequences_75,5,0.7
temporal_sequences_75,6,0.76
temporal_sequences_75,7,0.72
temporal_sequences_75,8,0.72
temporal_sequences_75,9,0.88
temporal_sequences_75,10,0.76
temporal_sequences_75,11,0.88
temporal_sequences_75,12,0.66
temporal_sequences_75,13,0.86
temporal_sequences_75,14,0.82
temporal_sequences_75,15,0.82
temporal_sequences_75,16,0.74
temporal_sequences_75,17,0.86
temporal_sequences_75,18,0.8
temporal_sequences_75,19,0.28
temporal_sequences_75,20,0.78
temporal_sequences_75,21,0.74
temporal_sequences_75,22,0.82
temporal_sequences_75,23,0.72
temporal_sequences_75,24,0.74
temporal_sequences_75,25,0.84
temporal_sequences_75,26,0.56
temporal_sequences_75,27,0.68
temporal_sequences_75,28,0.58
temporal_sequences_75,29,0.58
temporal_sequences_75,30,0.86
temporal_sequences_75,31,0.86
temporal_sequences_75,32,0.68
temporal_sequences_75,33,0.76
temporal_sequences_30,1,0.34
temporal_sequences_30,2,0.68
temporal_sequences_30,3,0.44
temporal_sequences_30,4,0.6
temporal_sequences_30,5,0.56
temporal_sequences_30,6,0.66
temporal_sequences_30,7,0.58
temporal_sequences_30,8,0.68
temporal_sequences_30,9,0.68
temporal_sequences_30,10,0.5
temporal_sequences_30,11,0.82
temporal_sequences_30,12,0.7
temporal_sequences_30,13,0.46
temporal_sequences_30,14,0.64
temporal_sequences_30,15,0.42
temporal_sequences_30,16,0.64
temporal_sequences_30,17,0.86
temporal_sequences_30,18,0.78
temporal_sequences_30,19,0.72
temporal_sequences_30,20,0.8
temporal_sequences_30,21,0.64
temporal_sequences_30,22,0.56
temporal_sequences_30,23,0.76
temporal_sequences_30,24,0.62
temporal_sequences_30,25,0.7
temporal_sequences_30,26,0.66
temporal_sequences_30,27,0.6
temporal_sequences_30,28,0.92
temporal_sequences_30,29,0.94
temporal_sequences_30,30,0.8
temporal_sequences_30,31,0.78
temporal_sequences_30,32,0.68
temporal_sequences_30,33,0.82
temporal_sequences_30,34,0.92
temporal_sequences_30,35,0.78
temporal_sequences_30,36,0.92
epistemic_500,1,0.48
epistemic_500,2,0.62
epistemic_500,3,0.46
epistemic_500,4,0.48
epistemic_500,5,0.54
epistemic_500,6,0.52
epistemic_500,7,0.7
epistemic_500,8,0.28
epistemic_500,9,0.64
epistemic_500,10,0.4
epistemic_500,11,0.58
epistemic_500,12,0.62
epistemic_500,13,0.5
epistemic_500,14,0.62
epistemic_500,15,0.5
epistemic_500,16,0.62
epistemic_500,17,0.64
epistemic_500,18,0.6
epistemic_500,19,0.64
epistemic_500,20,0.56
epistemic_500,21,0.64
epistemic_500,22,0.74
epistemic_500,23,0.54
epistemic_500,24,0.76
epistemic_500,25,0.52
epistemic_500,26,0.72
epistemic_500,27,0.68
epistemic_500,28,0.42
epistemic_500,29,0.86
epistemic_500,30,0.6
epistemic_500,31,0.62
epistemic_500,32,0.66
epistemic_500,33,0.44
epistemic_500,34,0.72
epistemic_500,35,0.56
epistemic_500,36,0.68
epistemic_500,37,0.74
epistemic_500,38,0.48
epistemic_500,39,0.66
epistemic_500,40,0.8
epistemic_500,41,0.88
epistemic_500,42,0.72
temporal_sequences_45,1,0.3
temporal_sequences_45,2,0.18
temporal_sequences_45,3,0.54
temporal_sequences_45,4,0.48
temporal_sequences_45,5,0.58
temporal_sequences_45,6,0.46
temporal_sequences_45,7,0.8
temporal_sequences_45,8,0.86
temporal_sequences_45,9,0.3
temporal_sequences_45,10,0.6
temporal_sequences_45,11,0.62
temporal_sequences_45,12,0.68
temporal_sequences_45,13,0.68
temporal_sequences_45,14,0.88
temporal_sequences_45,15,0.74
temporal_sequences_45,16,0.84
temporal_sequences_45,17,0.64
temporal_sequences_45,18,0.86
temporal_sequences_45,19,0.78
temporal_sequences_45,20,0.96
temporal_sequences_45,21,0.82
temporal_sequences_45,22,0.7
temporal_sequences_45,23,0.82
temporal_sequences_45,24,0.78
temporal_sequences_45,25,0.68
temporal_sequences_45,26,0.58
temporal_sequences_45,27,0.66
temporal_sequences_45,28,0.8
temporal_sequences_45,29,0.78
temporal_sequences_45,30,0.68
temporal_sequences_45,31,0.68
temporal_sequences_45,32,0.88
temporal_sequences_45,33,0.74
causal_judgement_67,1,0.58
causal_judgement_67,2,0.54
causal_judgement_67,3,0.64
causal_judgement_67,4,0.58
causal_judgement_67,5,0.68
causal_judgement_67,6,0.54
causal_judgement_67,7,0.6
causal_judgement_67,8,0.48
causal_judgement_67,9,0.6
causal_judgement_67,10,0.54
causal_judgement_67,11,0.56
causal_judgement_67,12,0.56
causal_judgement_67,13,0.54
causal_judgement_67,14,0.7
causal_judgement_67,15,0.56
causal_judgement_67,16,0.64
causal_judgement_67,17,0.64
causal_judgement_67,18,0.58
causal_judgement_67,19,0.52
causal_judgement_67,20,0.6
causal_judgement_67,21,0.56
causal_judgement_67,22,0.62
causal_judgement_67,23,0.56
causal_judgement_67,24,0.52
causal_judgement_67,25,0.64
causal_judgement_67,26,0.64
causal_judgement_67,27,0.56
causal_judgement_67,28,0.64
causal_judgement_67,29,0.66
causal_judgement_67,30,0.52
causal_judgement_67,31,0.62
causal_judgement_67,32,0.6
causal_judgement_67,33,0.56
causal_judgement_67,34,0.6
causal_judgement_67,35,0.58
causal_judgement_90,1,0.5
causal_judgement_90,2,0.42
causal_judgement_90,3,0.58
causal_judgement_90,4,0.6
causal_judgement_90,5,0.44
causal_judgement_90,6,0.64
causal_judgement_90,7,0.6
causal_judgement_90,8,0.6
causal_judgement_90,9,0.6
causal_judgement_90,10,0.56
causal_judgement_90,11,0.58
causal_judgement_90,12,0.54
causal_judgement_90,13,0.64
causal_judgement_90,14,0.42
causal_judgement_90,15,0.58
causal_judgement_90,16,0.18
causal_judgement_90,17,0.4
causal_judgement_90,18,0.52
causal_judgement_90,19,0.58
causal_judgement_90,20,0.56
causal_judgement_90,21,0.52
causal_judgement_90,22,0.44
causal_judgement_90,23,0.6
causal_judgement_90,24,0.52
causal_judgement_90,25,0.62
causal_judgement_90,26,0.6
causal_judgement_90,27,0.52
causal_judgement_90,28,0.6
causal_judgement_90,29,0.62
causal_judgement_90,30,0.52
causal_judgement_90,31,0.64
causal_judgement_90,32,0.5
causal_judgement_90,33,0.64
causal_judgement_90,34,0.68
causal_judgement_90,35,0.64
causal_judgement_90,36,0.72
causal_judgement_90,37,0.68
causal_judgement_90,38,0.68
causal_judgement_90,39,0.74
causal_judgement_90,40,0.66
causal_judgement_90,41,0.64
causal_judgement_90,42,0.58
object_counting_225,1,0.24
object_counting_225,2,0.32
object_counting_225,3,0.24
object_counting_225,4,0.28
object_counting_225,5,0.58
object_counting_225,6,0.28
object_counting_225,7,0.44
object_counting_225,8,0.24
object_counting_225,9,0.36
object_counting_225,10,0.14
object_counting_225,11,0.18
object_counting_225,12,0.62
object_counting_225,13,0.28
object_counting_225,14,0.12
object_counting_225,15,0.4
object_counting_225,16,0.62
object_counting_225,17,0.56
object_counting_225,18,0.4
object_counting_225,19,0.32
object_counting_225,20,0.28
object_counting_225,21,0.02
object_counting_225,22,0.68
object_counting_225,23,0.44
object_counting_225,24,0.56
object_counting_225,25,0.34
object_counting_225,26,0.34
object_counting_225,27,0.14
object_counting_225,28,0.4
object_counting_225,29,0.54
object_counting_225,30,0.34
object_counting_225,31,0.62
object_counting_225,32,0.58
object_counting_225,33,0.44
object_counting_225,34,0.24
object_counting_225,35,0.9
object_counting_225,36,0.8
object_counting_225,37,0.46
object_counting_225,38,0.8
object_counting_225,39,0.2
object_counting_300,1,0.2
object_counting_300,2,0.3
object_counting_300,3,0.06
object_counting_300,4,0.38
object_counting_300,5,0.08
object_counting_300,6,0.36
object_counting_300,7,0.48
object_counting_300,8,0.16
object_counting_300,9,0.72
object_counting_300,10,0.28
object_counting_300,11,0.84
object_counting_300,12,0.34
object_counting_300,13,0.48
object_counting_300,14,0.46
object_counting_300,15,0.5
object_counting_300,16,0.5
object_counting_300,17,0.28
object_counting_300,18,0.34
object_counting_300,19,0.04
object_counting_300,20,0.14
object_counting_300,21,0.26
object_counting_300,22,0.14
object_counting_300,23,0.5
object_counting_300,24,0.16
object_counting_300,25,0.32
object_counting_300,26,0.24
object_counting_300,27,0.6
object_counting_300,28,0.5
object_counting_300,29,0.64
object_counting_300,30,0.08
object_counting_300,31,0.54
object_counting_300,32,0.62
object_counting_300,33,0.44
object_counting_300,34,0.62
object_counting_300,35,0.48
object_counting_300,36,0.34
causal_judgement_22,1,0.62
causal_judgement_22,2,0.6
causal_judgement_22,3,0.66
causal_judgement_22,4,0.56
causal_judgement_22,5,0.54
causal_judgement_22,6,0.48
causal_judgement_22,7,0.58
causal_judgement_22,8,0.58
causal_judgement_22,9,0.56
causal_judgement_22,10,0.5
causal_judgement_22,11,0.52
causal_judgement_22,12,0.56
causal_judgement_22,13,0.56
causal_judgement_22,14,0.52
causal_judgement_22,15,0.58
causal_judgement_22,16,0.56
causal_judgement_22,17,0.52
causal_judgement_22,18,0.54
causal_judgement_22,19,0.48
causal_judgement_22,20,0.56
causal_judgement_22,21,0.5
causal_judgement_22,22,0.6
causal_judgement_22,23,0.56
causal_judgement_22,24,0.58
causal_judgement_22,25,0.46
causal_judgement_22,26,0.62
causal_judgement_22,27,0.64
causal_judgement_22,28,0.48
causal_judgement_22,29,0.56
causal_judgement_22,30,0.5
causal_judgement_22,31,0.48
causal_judgement_22,32,0.58
causal_judgement_22,33,0.58
causal_judgement_22,34,0.54
causal_judgement_22,35,0.62
causal_judgement_22,36,0.64
causal_judgement_22,37,0.58
causal_judgement_22,38,0.62
causal_judgement_22,39,0.62
causal_judgement_22,40,0.62
causal_judgement_22,41,0.56
causal_judgement_22,42,0.52
causal_judgement_22,43,0.6
causal_judgement_22,44,0.64
causal_judgement_22,45,0.58
temporal_sequences_90,1,0.6
temporal_sequences_90,2,0.68
temporal_sequences_90,3,0.62
temporal_sequences_90,4,0.6
temporal_sequences_90,5,0.6
temporal_sequences_90,6,0.3
temporal_sequences_90,7,0.76
temporal_sequences_90,8,0.66
temporal_sequences_90,9,0.5
temporal_sequences_90,10,0.6
temporal_sequences_90,11,0.76
temporal_sequences_90,12,0.68
temporal_sequences_90,13,0.66
temporal_sequences_90,14,0.48
temporal_sequences_90,15,0.64
temporal_sequences_90,16,0.78
temporal_sequences_90,17,0.74
temporal_sequences_90,18,0.68
temporal_sequences_90,19,0.8
temporal_sequences_90,20,0.84
temporal_sequences_90,21,0.52
temporal_sequences_90,22,0.76
temporal_sequences_90,23,0.54
temporal_sequences_90,24,0.56
temporal_sequences_90,25,0.48
temporal_sequences_90,26,0.16
temporal_sequences_90,27,0.74
temporal_sequences_90,28,0.66
temporal_sequences_90,29,0.08
temporal_sequences_90,30,0.44
temporal_sequences_90,31,0.7
temporal_sequences_90,32,0.68
temporal_sequences_90,33,0.46
temporal_sequences_90,34,0.5
temporal_sequences_90,35,0.84
temporal_sequences_90,36,0.76
temporal_sequences_90,37,0.86
temporal_sequences_90,38,0.78
temporal_sequences_90,39,0.62
causal_judgement_4,1,0.56
causal_judgement_4,2,0.62
causal_judgement_4,3,0.56
causal_judgement_4,4,0.6
causal_judgement_4,5,0.52
causal_judgement_4,6,0.6
causal_judgement_4,7,0.64
causal_judgement_4,8,0.66
causal_judgement_4,9,0.56
causal_judgement_4,10,0.54
causal_judgement_4,11,0.66
causal_judgement_4,12,0.58
causal_judgement_4,13,0.58
causal_judgement_4,14,0.58
causal_judgement_4,15,0.7
causal_judgement_4,16,0.64
causal_judgement_4,17,0.52
causal_judgement_4,18,0.66
causal_judgement_4,19,0.6
causal_judgement_4,20,0.72
causal_judgement_4,21,0.58
causal_judgement_4,22,0.62
causal_judgement_4,23,0.72
causal_judgement_4,24,0.58
causal_judgement_4,25,0.66
causal_judgement_4,26,0.52
causal_judgement_4,27,0.6
causal_judgement_4,28,0.62
causal_judgement_4,29,0.62
causal_judgement_4,30,0.6
causal_judgement_4,31,0.52
causal_judgement_4,32,0.52
causal_judgement_4,33,0.58
causal_judgement_4,34,0.62
causal_judgement_4,35,0.62
causal_judgement_4,36,0.64
causal_judgement_4,37,0.62
causal_judgement_4,38,0.62
causal_judgement_4,39,0.72
causal_judgement_4,40,0.68
causal_judgement_4,41,0.7
causal_judgement_4,42,0.64
causal_judgement_27,1,0.52
causal_judgement_27,2,0.62
causal_judgement_27,3,0.68
causal_judgement_27,4,0.68
causal_judgement_27,5,0.6
causal_judgement_27,6,0.58
causal_judgement_27,7,0.56
causal_judgement_27,8,0.56
causal_judgement_27,9,0.6
causal_judgement_27,10,0.6
causal_judgement_27,11,0.56
causal_judgement_27,12,0.6
causal_judgement_27,13,0.58
causal_judgement_27,14,0.58
causal_judgement_27,15,0.52
causal_judgement_27,16,0.68
causal_judgement_27,17,0.66
causal_judgement_27,18,0.48
causal_judgement_27,19,0.58
causal_judgement_27,20,0.62
causal_judgement_27,21,0.68
causal_judgement_27,22,0.56
causal_judgement_27,23,0.6
causal_judgement_27,24,0.62
causal_judgement_27,25,0.54
causal_judgement_27,26,0.66
causal_judgement_27,27,0.64
causal_judgement_27,28,0.64
causal_judgement_27,29,0.58
causal_judgement_27,30,0.56
causal_judgement_27,31,0.56
causal_judgement_27,32,0.5
causal_judgement_27,33,0.64
causal_judgement_27,34,0.64
causal_judgement_27,35,0.58
causal_judgement_27,36,0.58
causal_judgement_27,37,0.68
causal_judgement_27,38,0.52
causal_judgement_27,39,0.58
causal_judgement_13,1,0.56
causal_judgement_13,2,0.64
causal_judgement_13,3,0.58
causal_judgement_13,4,0.56
causal_judgement_13,5,0.64
causal_judgement_13,6,0.6
causal_judgement_13,7,0.56
causal_judgement_13,8,0.56
causal_judgement_13,9,0.48
causal_judgement_13,10,0.54
causal_judgement_13,11,0.58
causal_judgement_13,12,0.54
causal_judgement_13,13,0.58
causal_judgement_13,14,0.54
causal_judgement_13,15,0.56
causal_judgement_13,16,0.66
causal_judgement_13,17,0.62
causal_judgement_13,18,0.6
causal_judgement_13,19,0.66
causal_judgement_13,20,0.56
causal_judgement_13,21,0.62
causal_judgement_13,22,0.66
causal_judgement_13,23,0.6
causal_judgement_13,24,0.66
causal_judgement_13,25,0.58
causal_judgement_13,26,0.58
causal_judgement_13,27,0.6
causal_judgement_13,28,0.62
causal_judgement_13,29,0.56
causal_judgement_13,30,0.66
causal_judgement_13,31,0.62
causal_judgement_13,32,0.6
causal_judgement_13,33,0.6
causal_judgement_13,34,0.58
causal_judgement_13,35,0.64
causal_judgement_13,36,0.56
causal_judgement_13,37,0.58
causal_judgement_13,38,0.62
causal_judgement_13,39,0.66
penguins_in_a_table_3,1,0.52
penguins_in_a_table_3,2,0.7
penguins_in_a_table_3,3,0.56
penguins_in_a_table_3,4,0.9
penguins_in_a_table_3,5,0.4
penguins_in_a_table_3,6,0.66
penguins_in_a_table_3,7,0.66
penguins_in_a_table_3,8,0.78
penguins_in_a_table_3,9,0.76
penguins_in_a_table_3,10,0.74
penguins_in_a_table_3,11,0.72
penguins_in_a_table_3,12,0.66
penguins_in_a_table_3,13,0.68
penguins_in_a_table_3,14,0.7
penguins_in_a_table_3,15,0.66
penguins_in_a_table_3,16,0.64
penguins_in_a_table_3,17,0.7
penguins_in_a_table_3,18,0.78
penguins_in_a_table_3,19,0.72
penguins_in_a_table_3,20,0.68
penguins_in_a_table_3,21,0.74
penguins_in_a_table_3,22,0.76
penguins_in_a_table_3,23,0.64
penguins_in_a_table_3,24,0.64
object_counting_30,1,0.3
object_counting_30,2,0.14
object_counting_30,3,0.2
object_counting_30,4,0.16
object_counting_30,5,0.22
object_counting_30,6,0.28
object_counting_30,7,0.44
object_counting_30,8,0.24
object_counting_30,9,0.56
object_counting_30,10,0.22
object_counting_30,11,0.3
object_counting_30,12,0.44
object_counting_30,13,0.82
object_counting_30,14,0.36
object_counting_30,15,0.38
object_counting_30,16,0.16
object_counting_30,17,0.38
object_counting_30,18,0.46
object_counting_30,19,0.34
object_counting_30,20,0.18
object_counting_30,21,0.26
object_counting_30,22,0.26
object_counting_30,23,0.5
object_counting_30,24,0.16
object_counting_30,25,0.32
object_counting_30,26,0.1
object_counting_30,27,0.12
object_counting_30,28,0.56
object_counting_30,29,0.66
object_counting_30,30,0.44
object_counting_30,31,0.72
object_counting_30,32,0.28
object_counting_30,33,0.68
object_counting_30,34,0.4
object_counting_30,35,0.8
object_counting_30,36,0.44
object_counting_30,37,0.74
object_counting_30,38,0.5
object_counting_30,39,0.5
object_counting_45,1,0.48
object_counting_45,2,0.2
object_counting_45,3,0.28
object_counting_45,4,0.22
object_counting_45,5,0.24
object_counting_45,6,0.24
object_counting_45,7,0.06
object_counting_45,8,0.82
object_counting_45,9,0.24
object_counting_45,10,0.84
object_counting_45,11,0.14
object_counting_45,12,0.76
object_counting_45,13,0.7
object_counting_45,14,0.6
object_counting_45,15,0.84
object_counting_45,16,0.42
object_counting_45,17,0.6
object_counting_45,18,0.46
object_counting_45,19,0.68
object_counting_45,20,0.22
object_counting_45,21,0.08
object_counting_45,22,0.42
object_counting_45,23,0.46
object_counting_45,24,0.48
object_counting_45,25,0.4
object_counting_45,26,0.54
object_counting_45,27,0.46
object_counting_45,28,0.4
object_counting_45,29,0.42
object_counting_45,30,0.66
object_counting_45,31,0.7
object_counting_45,32,0.64
object_counting_45,33,0.22
object_counting_45,34,0.58
object_counting_45,35,0.3
object_counting_45,36,0.38
object_counting_45,37,0.5
object_counting_45,38,0.5
object_counting_45,39,0.44
causal_judgement_18,1,0.62
causal_judgement_18,2,0.5
causal_judgement_18,3,0.64
causal_judgement_18,4,0.64
causal_judgement_18,5,0.56
causal_judgement_18,6,0.52
causal_judgement_18,7,0.4
causal_judgement_18,8,0.54
causal_judgement_18,9,0.56
causal_judgement_18,10,0.48
causal_judgement_18,11,0.62
causal_judgement_18,12,0.5
causal_judgement_18,13,0.56
causal_judgement_18,14,0.56
causal_judgement_18,15,0.6
causal_judgement_18,16,0.64
causal_judgement_18,17,0.56
causal_judgement_18,18,0.68
causal_judgement_18,19,0.62
causal_judgement_18,20,0.54
causal_judgement_18,21,0.58
causal_judgement_18,22,0.62
causal_judgement_18,23,0.58
causal_judgement_18,24,0.68
causal_judgement_18,25,0.46
causal_judgement_18,26,0.66
causal_judgement_18,27,0.7
causal_judgement_18,28,0.64
causal_judgement_18,29,0.72
causal_judgement_18,30,0.6
causal_judgement_18,31,0.6
causal_judgement_18,32,0.6
causal_judgement_18,33,0.64
causal_judgement_18,34,0.68
causal_judgement_18,35,0.66
causal_judgement_18,36,0.6
causal_judgement_18,37,0.62
causal_judgement_18,38,0.64
causal_judgement_18,39,0.58
penguins_in_a_table_70,1,0.66
penguins_in_a_table_70,2,0.86
penguins_in_a_table_70,3,0.54
penguins_in_a_table_70,4,0.82
penguins_in_a_table_70,5,0.52
penguins_in_a_table_70,6,0.62
penguins_in_a_table_70,7,0.68
penguins_in_a_table_70,8,0.74
penguins_in_a_table_70,9,0.72
penguins_in_a_table_70,10,0.56
penguins_in_a_table_70,11,0.78
penguins_in_a_table_70,12,0.7
penguins_in_a_table_70,13,0.84
penguins_in_a_table_70,14,0.9
penguins_in_a_table_70,15,0.88
penguins_in_a_table_70,16,0.82
penguins_in_a_table_70,17,0.78
penguins_in_a_table_70,18,0.6
penguins_in_a_table_70,19,0.62
penguins_in_a_table_70,20,0.9
penguins_in_a_table_70,21,0.52
penguins_in_a_table_70,22,0.78
penguins_in_a_table_70,23,0.82
penguins_in_a_table_70,24,0.94
penguins_in_a_table_70,25,0.62
penguins_in_a_table_70,26,0.5
penguins_in_a_table_70,27,0.8
penguins_in_a_table_70,28,0.84
penguins_in_a_table_70,29,0.94
penguins_in_a_table_70,30,0.88
penguins_in_a_table_70,31,0.9
penguins_in_a_table_70,32,0.86
penguins_in_a_table_70,33,0.74
penguins_in_a_table_21,1,0.54
penguins_in_a_table_21,2,0.64
penguins_in_a_table_21,3,0.82
penguins_in_a_table_21,4,0.82
penguins_in_a_table_21,5,0.9
penguins_in_a_table_21,6,0.86
penguins_in_a_table_21,7,0.92
penguins_in_a_table_21,8,0.88
penguins_in_a_table_21,9,0.88
penguins_in_a_table_21,10,0.94
penguins_in_a_table_21,11,0.94
penguins_in_a_table_21,12,0.92
penguins_in_a_table_21,13,0.86
penguins_in_a_table_21,14,0.88
penguins_in_a_table_21,15,0.88
penguins_in_a_table_21,16,0.92
penguins_in_a_table_21,17,0.84
penguins_in_a_table_21,18,0.98
penguins_in_a_table_21,19,0.86
penguins_in_a_table_21,20,0.94
penguins_in_a_table_21,21,0.94
penguins_in_a_table_21,22,0.86
penguins_in_a_table_21,23,0.86
penguins_in_a_table_21,24,0.88
penguins_in_a_table_21,25,0.88
penguins_in_a_table_21,26,0.92
penguins_in_a_table_21,27,0.88
penguins_in_a_table_21,28,0.66
penguins_in_a_table_21,29,0.68
penguins_in_a_table_21,30,0.9
penguins_in_a_table_21,31,0.88
penguins_in_a_table_21,32,0.84
penguins_in_a_table_21,33,0.82
penguins_in_a_table_21,34,0.78
penguins_in_a_table_21,35,0.84
penguins_in_a_table_21,36,0.78
temporal_sequences_300,1,0.56
temporal_sequences_300,2,0.3
temporal_sequences_300,3,0.72
temporal_sequences_300,4,0.56
temporal_sequences_300,5,0.7
temporal_sequences_300,6,0.68
temporal_sequences_300,7,0.9
temporal_sequences_300,8,0.8
temporal_sequences_300,9,0.84
temporal_sequences_300,10,0.88
temporal_sequences_300,11,0.86
temporal_sequences_300,12,0.74
temporal_sequences_300,13,0.8
temporal_sequences_300,14,0.88
temporal_sequences_300,15,0.74
temporal_sequences_300,16,0.7
temporal_sequences_300,17,0.8
temporal_sequences_300,18,0.88
temporal_sequences_300,19,0.82
temporal_sequences_300,20,0.86
temporal_sequences_300,21,0.62
temporal_sequences_300,22,0.9
temporal_sequences_300,23,0.84
temporal_sequences_300,24,0.8
temporal_sequences_300,25,0.88
temporal_sequences_300,26,0.78
temporal_sequences_300,27,0.72
temporal_sequences_300,28,0.62
temporal_sequences_300,29,0.54
temporal_sequences_300,30,0.86
temporal_sequences_300,31,0.5
temporal_sequences_300,32,0.54
temporal_sequences_300,33,0.6
temporal_sequences_300,34,0.66
temporal_sequences_300,35,0.5
temporal_sequences_300,36,0.78
temporal_sequences_300,37,0.84
temporal_sequences_300,38,0.64
temporal_sequences_300,39,0.64
temporal_sequences_225,1,0.66
temporal_sequences_225,2,0.28
temporal_sequences_225,3,0.74
temporal_sequences_225,4,0.76
temporal_sequences_225,5,0.82
temporal_sequences_225,6,0.58
temporal_sequences_225,7,0.6
temporal_sequences_225,8,0.82
temporal_sequences_225,9,0.8
temporal_sequences_225,10,0.8
temporal_sequences_225,11,0.88
temporal_sequences_225,12,0.74
temporal_sequences_225,13,0.68
temporal_sequences_225,14,0.86
temporal_sequences_225,15,0.8
temporal_sequences_225,16,0.62
temporal_sequences_225,17,0.78
temporal_sequences_225,18,0.8
temporal_sequences_225,19,0.8
temporal_sequences_225,20,0.66
temporal_sequences_225,21,0.72
temporal_sequences_225,22,0.64
temporal_sequences_225,23,0.74
temporal_sequences_225,24,0.76
temporal_sequences_225,25,0.84
temporal_sequences_225,26,0.8
temporal_sequences_225,27,0.84
temporal_sequences_225,28,0.8
temporal_sequences_225,29,0.64
temporal_sequences_225,30,0.76
temporal_sequences_225,31,0.7
temporal_sequences_225,32,0.78
temporal_sequences_225,33,0.82
temporal_sequences_225,34,0.86
temporal_sequences_225,35,0.6
temporal_sequences_225,36,0.9
penguins_in_a_table_7,1,0.66
penguins_in_a_table_7,2,0.8
penguins_in_a_table_7,3,0.68
penguins_in_a_table_7,4,0.56
penguins_in_a_table_7,5,0.7
penguins_in_a_table_7,6,0.58
penguins_in_a_table_7,7,0.84
penguins_in_a_table_7,8,0.74
penguins_in_a_table_7,9,0.58
penguins_in_a_table_7,10,0.7
penguins_in_a_table_7,11,0.78
penguins_in_a_table_7,12,0.7
penguins_in_a_table_7,13,0.6
penguins_in_a_table_7,14,0.5
penguins_in_a_table_7,15,0.72
penguins_in_a_table_7,16,0.76
penguins_in_a_table_7,17,0.72
penguins_in_a_table_7,18,0.74
penguins_in_a_table_7,19,0.66
penguins_in_a_table_7,20,0.62
penguins_in_a_table_7,21,0.76
penguins_in_a_table_7,22,0.72
penguins_in_a_table_7,23,0.72
penguins_in_a_table_7,24,0.82
penguins_in_a_table_7,25,0.54
penguins_in_a_table_7,26,0.88
penguins_in_a_table_7,27,0.9
penguins_in_a_table_7,28,0.82
penguins_in_a_table_7,29,0.82
penguins_in_a_table_7,30,0.74
penguins_in_a_table_7,31,0.8
penguins_in_a_table_7,32,0.94
penguins_in_a_table_7,33,0.92
geometric_shapes_15,1,0.24
geometric_shapes_15,2,0.32
geometric_shapes_15,3,0.36
geometric_shapes_15,4,0.36
geometric_shapes_15,5,0.52
geometric_shapes_15,6,0.24
geometric_shapes_15,7,0.2
geometric_shapes_15,8,0.38
geometric_shapes_15,9,0.34
geometric_shapes_15,10,0.36
geometric_shapes_15,11,0.34
geometric_shapes_15,12,0.38
geometric_shapes_15,13,0.38
geometric_shapes_15,14,0.12
geometric_shapes_15,15,0.34
geometric_shapes_15,16,0.36
geometric_shapes_15,17,0.32
geometric_shapes_15,18,0.38
geometric_shapes_15,19,0.44
geometric_shapes_15,20,0.4
geometric_shapes_15,21,0.38
geometric_shapes_15,22,0.36
geometric_shapes_15,23,0.38
geometric_shapes_15,24,0.36
geometric_shapes_15,25,0.3
geometric_shapes_15,26,0.36
geometric_shapes_15,27,0.26
geometric_shapes_15,28,0.32
geometric_shapes_15,29,0.3
geometric_shapes_15,30,0.36
geometric_shapes_15,31,0.42
geometric_shapes_15,32,0.42
geometric_shapes_15,33,0.42
geometric_shapes_15,34,0.44
geometric_shapes_15,35,0.46
geometric_shapes_15,36,0.38
geometric_shapes_15,37,0.3
geometric_shapes_15,38,0.44
geometric_shapes_15,39,0.2
geometric_shapes_15,40,0.28
geometric_shapes_15,41,0.48
geometric_shapes_15,42,0.36
geometric_shapes_15,43,0.42
geometric_shapes_15,44,0.24
geometric_shapes_15,45,0.36
geometric_shapes_15,46,0.02
geometric_shapes_15,47,0.2
geometric_shapes_15,48,0.36
geometric_shapes_15,49,0.38
geometric_shapes_15,50,0.44
geometric_shapes_15,51,0.34
geometric_shapes_15,52,0.16
geometric_shapes_15,53,0.34
geometric_shapes_15,54,0.36
geometric_shapes_15,55,0.3
geometric_shapes_15,56,0.34
geometric_shapes_15,57,0.34
epistemic_150,1,0.7
epistemic_150,2,0.46
epistemic_150,3,0.68
epistemic_150,4,0.38
epistemic_150,5,0.66
epistemic_150,6,0.62
epistemic_150,7,0.42
epistemic_150,8,0.4
epistemic_150,9,0.5
epistemic_150,10,0.64
epistemic_150,11,0.68
epistemic_150,12,0.54
epistemic_150,13,0.56
epistemic_150,14,0.58
epistemic_150,15,0.46
epistemic_150,16,0.72
epistemic_150,17,0.68
epistemic_150,18,0.7
epistemic_150,19,0.64
epistemic_150,20,0.54
epistemic_150,21,0.68
epistemic_150,22,0.4
epistemic_150,23,0.48
epistemic_150,24,0.34
epistemic_150,25,0.5
epistemic_150,26,0.68
epistemic_150,27,0.44
epistemic_150,28,0.4
epistemic_150,29,0.7
epistemic_150,30,0.54
epistemic_150,31,0.6
epistemic_150,32,0.64
epistemic_150,33,0.56
penguins_in_a_table_35,1,0.66
penguins_in_a_table_35,2,0.9
penguins_in_a_table_35,3,0.76
penguins_in_a_table_35,4,0.8
penguins_in_a_table_35,5,0.86
penguins_in_a_table_35,6,0.84
penguins_in_a_table_35,7,0.76
penguins_in_a_table_35,8,0.8
penguins_in_a_table_35,9,0.86
penguins_in_a_table_35,10,0.9
penguins_in_a_table_35,11,0.82
penguins_in_a_table_35,12,0.9
penguins_in_a_table_35,13,0.54
penguins_in_a_table_35,14,0.8
penguins_in_a_table_35,15,0.92
penguins_in_a_table_35,16,0.88
penguins_in_a_table_35,17,0.9
penguins_in_a_table_35,18,0.88
penguins_in_a_table_35,19,0.82
penguins_in_a_table_35,20,0.6
penguins_in_a_table_35,21,0.88
penguins_in_a_table_35,22,0.9
penguins_in_a_table_35,23,0.9
penguins_in_a_table_35,24,0.8
penguins_in_a_table_35,25,0.92
penguins_in_a_table_35,26,0.82
penguins_in_a_table_35,27,0.86
penguins_in_a_table_35,28,0.92
penguins_in_a_table_35,29,0.9
penguins_in_a_table_35,30,0.88
penguins_in_a_table_35,31,0.94
penguins_in_a_table_35,32,0.82
penguins_in_a_table_35,33,0.86
object_counting_75,1,0.24
object_counting_75,2,0.4
object_counting_75,3,0.18
object_counting_75,4,0.1
object_counting_75,5,0.26
object_counting_75,6,0.2
object_counting_75,7,0.26
object_counting_75,8,0.48
object_counting_75,9,0.24
object_counting_75,10,0.4
object_counting_75,11,0.54
object_counting_75,12,0.56
object_counting_75,13,0.14
object_counting_75,14,0.42
object_counting_75,15,0.06
object_counting_75,16,0.68
object_counting_75,17,0.34
object_counting_75,18,0.42
object_counting_75,19,0.54
object_counting_75,20,0.58
object_counting_75,21,0.22
object_counting_75,22,0.54
object_counting_75,23,0.3
object_counting_75,24,0.4
object_counting_75,25,0.52
object_counting_75,26,0.4
object_counting_75,27,0.52
object_counting_75,28,0.42
object_counting_75,29,0.54
object_counting_75,30,0.42
object_counting_75,31,0.88
object_counting_75,32,0.1
object_counting_75,33,0.3
object_counting_75,34,0.3
object_counting_75,35,0.52
object_counting_75,36,0.4
epistemic_125,1,0.46
epistemic_125,2,0.72
epistemic_125,3,0.48
epistemic_125,4,0.7
epistemic_125,5,0.7
epistemic_125,6,0.46
epistemic_125,7,0.7
epistemic_125,8,0.6
epistemic_125,9,0.8
epistemic_125,10,0.7
epistemic_125,11,0.74
epistemic_125,12,0.58
epistemic_125,13,0.5
epistemic_125,14,0.58
epistemic_125,15,0.66
epistemic_125,16,0.6
epistemic_125,17,0.56
epistemic_125,18,0.64
epistemic_125,19,0.66
epistemic_125,20,0.4
epistemic_125,21,0.7
epistemic_125,22,0.68
epistemic_125,23,0.72
epistemic_125,24,0.74
epistemic_125,25,0.54
epistemic_125,26,0.62
epistemic_125,27,0.62
epistemic_125,28,0.82
epistemic_125,29,0.7
epistemic_125,30,0.76
geometric_shapes_45,1,0.24
geometric_shapes_45,2,0.3
geometric_shapes_45,3,0.32
geometric_shapes_45,4,0.42
geometric_shapes_45,5,0.48
geometric_shapes_45,6,0.3
geometric_shapes_45,7,0.28
geometric_shapes_45,8,0.3
geometric_shapes_45,9,0.26
geometric_shapes_45,10,0.44
geometric_shapes_45,11,0.34
geometric_shapes_45,12,0.34
geometric_shapes_45,13,0.36
geometric_shapes_45,14,0.44
geometric_shapes_45,15,0.38
geometric_shapes_45,16,0.36
geometric_shapes_45,17,0.42
geometric_shapes_45,18,0.32
geometric_shapes_45,19,0.36
geometric_shapes_45,20,0.3
geometric_shapes_45,21,0.22
geometric_shapes_45,22,0.24
geometric_shapes_45,23,0.42
geometric_shapes_45,24,0.3
geometric_shapes_45,25,0.36
geometric_shapes_45,26,0.28
geometric_shapes_45,27,0.5
geometric_shapes_45,28,0.4
geometric_shapes_45,29,0.4
geometric_shapes_45,30,0.34
geometric_shapes_45,31,0.34
geometric_shapes_45,32,0.42
geometric_shapes_45,33,0.42
geometric_shapes_45,34,0.38
geometric_shapes_45,35,0.46
geometric_shapes_45,36,0.26
geometric_shapes_45,37,0.36
geometric_shapes_45,38,0.22
geometric_shapes_45,39,0.36
geometric_shapes_45,40,0.34
geometric_shapes_45,41,0.4
geometric_shapes_45,42,0.32
geometric_shapes_45,43,0.5
geometric_shapes_45,44,0.22
geometric_shapes_45,45,0.44
geometric_shapes_45,46,0.22
geometric_shapes_45,47,0.32
geometric_shapes_45,48,0.3
geometric_shapes_45,49,0.36
geometric_shapes_45,50,0.44
geometric_shapes_45,51,0.44
geometric_shapes_45,52,0.36
geometric_shapes_45,53,0.4
geometric_shapes_45,54,0.32
geometric_shapes_45,55,0.38
geometric_shapes_45,56,0.3
geometric_shapes_45,57,0.4
epistemic_5,1,0.52
epistemic_5,2,0.52
epistemic_5,3,0.52
epistemic_5,4,0.84
epistemic_5,5,0.48
epistemic_5,6,0.32
epistemic_5,7,0.78
epistemic_5,8,0.62
epistemic_5,9,0.62
epistemic_5,10,0.56
epistemic_5,11,0.66
epistemic_5,12,0.6
epistemic_5,13,0.8
epistemic_5,14,0.54
epistemic_5,15,0.52
epistemic_5,16,0.72
epistemic_5,17,0.7
epistemic_5,18,0.7
epistemic_5,19,0.7
epistemic_5,20,0.78
epistemic_5,21,0.42
epistemic_5,22,0.74
epistemic_5,23,0.8
epistemic_5,24,0.84
epistemic_5,25,0.58
epistemic_5,26,0.42
epistemic_5,27,0.72
epistemic_5,28,0.64
epistemic_5,29,0.66
epistemic_5,30,0.7
epistemic_100,1,0.74
epistemic_100,2,0.72
epistemic_100,3,0.52
epistemic_100,4,0.74
epistemic_100,5,0.48
epistemic_100,6,0.64
epistemic_100,7,0.6
epistemic_100,8,0.58
epistemic_100,9,0.7
epistemic_100,10,0.68
epistemic_100,11,0.68
epistemic_100,12,0.76
epistemic_100,13,0.68
epistemic_100,14,0.74
epistemic_100,15,0.68
epistemic_100,16,0.68
epistemic_100,17,0.72
epistemic_100,18,0.58
epistemic_100,19,0.82
epistemic_100,20,0.8
epistemic_100,21,0.74
epistemic_100,22,0.64
epistemic_100,23,0.7
epistemic_100,24,0.7
epistemic_100,25,0.72
epistemic_100,26,0.66
epistemic_100,27,0.66
epistemic_100,28,0.7
epistemic_100,29,0.62
epistemic_100,30,0.72
epistemic_100,31,0.66
epistemic_100,32,0.66
epistemic_100,33,0.68
penguins_in_a_table_10,1,0.76
penguins_in_a_table_10,2,0.78
penguins_in_a_table_10,3,0.76
penguins_in_a_table_10,4,0.92
penguins_in_a_table_10,5,0.76
penguins_in_a_table_10,6,0.88
penguins_in_a_table_10,7,0.76
penguins_in_a_table_10,8,0.86
penguins_in_a_table_10,9,0.64
penguins_in_a_table_10,10,0.82
penguins_in_a_table_10,11,0.58
penguins_in_a_table_10,12,0.6
penguins_in_a_table_10,13,0.84
penguins_in_a_table_10,14,0.84
penguins_in_a_table_10,15,0.76
penguins_in_a_table_10,16,0.56
penguins_in_a_table_10,17,0.64
penguins_in_a_table_10,18,0.58
penguins_in_a_table_10,19,0.76
penguins_in_a_table_10,20,0.88
penguins_in_a_table_10,21,0.78
penguins_in_a_table_10,22,0.82
penguins_in_a_table_10,23,0.74
penguins_in_a_table_10,24,0.88
penguins_in_a_table_10,25,0.9
penguins_in_a_table_10,26,0.66
penguins_in_a_table_10,27,0.8
penguins_in_a_table_10,28,0.88
penguins_in_a_table_10,29,0.8
penguins_in_a_table_10,30,0.88
geometric_shapes_30,1,0.2
geometric_shapes_30,2,0.3
geometric_shapes_30,3,0.2
geometric_shapes_30,4,0.34
geometric_shapes_30,5,0.36
geometric_shapes_30,6,0.42
geometric_shapes_30,7,0.34
geometric_shapes_30,8,0.4
geometric_shapes_30,9,0.3
geometric_shapes_30,10,0.34
geometric_shapes_30,11,0.36
geometric_shapes_30,12,0.34
geometric_shapes_30,13,0.4
geometric_shapes_30,14,0.34
geometric_shapes_30,15,0.3
geometric_shapes_30,16,0.4
geometric_shapes_30,17,0.36
geometric_shapes_30,18,0.42
geometric_shapes_30,19,0.38
geometric_shapes_30,20,0.44
geometric_shapes_30,21,0.28
geometric_shapes_30,22,0.38
geometric_shapes_30,23,0.3
geometric_shapes_30,24,0.24
geometric_shapes_30,25,0.46
geometric_shapes_30,26,0.42
geometric_shapes_30,27,0.44
geometric_shapes_30,28,0.4
geometric_shapes_30,29,0.4
geometric_shapes_30,30,0.48
geometric_shapes_30,31,0.34
geometric_shapes_30,32,0.5
geometric_shapes_30,33,0.34
geometric_shapes_30,34,0.24
geometric_shapes_30,35,0.24
geometric_shapes_30,36,0.28
geometric_shapes_30,37,0.2
geometric_shapes_30,38,0.28
geometric_shapes_30,39,0.44
geometric_shapes_30,40,0.26
geometric_shapes_30,41,0.36
geometric_shapes_30,42,0.34
geometric_shapes_30,43,0.5
geometric_shapes_30,44,0.48
geometric_shapes_30,45,0.38
geometric_shapes_30,46,0.38
geometric_shapes_30,47,0.4
geometric_shapes_30,48,0.32
geometric_shapes_150,1,0.42
geometric_shapes_150,2,0.2
geometric_shapes_150,3,0.42
geometric_shapes_150,4,0.38
geometric_shapes_150,5,0.34
geometric_shapes_150,6,0.36
geometric_shapes_150,7,0.28
geometric_shapes_150,8,0.4
geometric_shapes_150,9,0.36
geometric_shapes_150,10,0.32
geometric_shapes_150,11,0.38
geometric_shapes_150,12,0.34
geometric_shapes_150,13,0.3
geometric_shapes_150,14,0.38
geometric_shapes_150,15,0.32
geometric_shapes_150,16,0.34
geometric_shapes_150,17,0.28
geometric_shapes_150,18,0.46
geometric_shapes_150,19,0.26
geometric_shapes_150,20,0.36
geometric_shapes_150,21,0.34
geometric_shapes_150,22,0.2
geometric_shapes_150,23,0.38
geometric_shapes_150,24,0.4
geometric_shapes_150,25,0.4
geometric_shapes_150,26,0.38
geometric_shapes_150,27,0.4
geometric_shapes_150,28,0.38
geometric_shapes_150,29,0.24
geometric_shapes_150,30,0.38
geometric_shapes_150,31,0.38
geometric_shapes_150,32,0.36
geometric_shapes_150,33,0.44
geometric_shapes_150,34,0.42
geometric_shapes_150,35,0.26
geometric_shapes_150,36,0.42
geometric_shapes_150,37,0.36
geometric_shapes_150,38,0.46
geometric_shapes_150,39,0.42
geometric_shapes_150,40,0.6
geometric_shapes_150,41,0.54
geometric_shapes_150,42,0.48
geometric_shapes_150,43,0.32
geometric_shapes_150,44,0.36
geometric_shapes_150,45,0.5
geometric_shapes_150,46,0.34
geometric_shapes_150,47,0.5
geometric_shapes_150,48,0.36
geometric_shapes_150,49,0.32
geometric_shapes_150,50,0.42
geometric_shapes_150,51,0.36
geometric_shapes_150,52,0.46
geometric_shapes_150,53,0.36
geometric_shapes_150,54,0.4
geometric_shapes_150,55,0.38
geometric_shapes_150,56,0.4
geometric_shapes_150,57,0.28
geometric_shapes_150,58,0.28
geometric_shapes_150,59,0.26
geometric_shapes_150,60,0.36
geometric_shapes_150,61,0.38
geometric_shapes_150,62,0.3
geometric_shapes_150,63,0.32
geometric_shapes_150,64,0.38
geometric_shapes_150,65,0.4
geometric_shapes_150,66,0.48
geometric_shapes_150,67,0.68
geometric_shapes_150,68,0.38
geometric_shapes_150,69,0.64
geometric_shapes_75,1,0.32
geometric_shapes_75,2,0.22
geometric_shapes_75,3,0.26
geometric_shapes_75,4,0.32
geometric_shapes_75,5,0.36
geometric_shapes_75,6,0.1
geometric_shapes_75,7,0.44
geometric_shapes_75,8,0.14
geometric_shapes_75,9,0.26
geometric_shapes_75,10,0.34
geometric_shapes_75,11,0.34
geometric_shapes_75,12,0.38
geometric_shapes_75,13,0.3
geometric_shapes_75,14,0.4
geometric_shapes_75,15,0.42
geometric_shapes_75,16,0.32
geometric_shapes_75,17,0.36
geometric_shapes_75,18,0.34
geometric_shapes_75,19,0.34
geometric_shapes_75,20,0.48
geometric_shapes_75,21,0.36
geometric_shapes_75,22,0.44
geometric_shapes_75,23,0.44
geometric_shapes_75,24,0.4
geometric_shapes_75,25,0.34
geometric_shapes_75,26,0.48
geometric_shapes_75,27,0.3
geometric_shapes_75,28,0.44
geometric_shapes_75,29,0.34
geometric_shapes_75,30,0.38
geometric_shapes_75,31,0.36
geometric_shapes_75,32,0.04
geometric_shapes_75,33,0.36
geometric_shapes_75,34,0.36
geometric_shapes_75,35,0.36
geometric_shapes_75,36,0.28
geometric_shapes_75,37,0.4
geometric_shapes_75,38,0.24
geometric_shapes_75,39,0.32
geometric_shapes_75,40,0.3
geometric_shapes_75,41,0.42
geometric_shapes_75,42,0.36
geometric_shapes_75,43,0.52
geometric_shapes_75,44,0.26
geometric_shapes_75,45,0.34
geometric_shapes_75,46,0.38
geometric_shapes_75,47,0.3
geometric_shapes_75,48,0.28
geometric_shapes_75,49,0.3
geometric_shapes_75,50,0.26
geometric_shapes_75,51,0.38
geometric_shapes_75,52,0.38
geometric_shapes_75,53,0.4
geometric_shapes_75,54,0.4
object_counting_60,1,0.32
object_counting_60,2,0.3
object_counting_60,3,0.18
object_counting_60,4,0.32
object_counting_60,5,0.32
object_counting_60,6,0.1
object_counting_60,7,0.14
object_counting_60,8,0.54
object_counting_60,9,0.24
object_counting_60,10,0.22
object_counting_60,11,0.86
object_counting_60,12,0.66
object_counting_60,13,0.54
object_counting_60,14,0.36
object_counting_60,15,0.28
object_counting_60,16,0.52
object_counting_60,17,0.54
object_counting_60,18,0.72
object_counting_60,19,0.8
object_counting_60,20,0.44
object_counting_60,21,0.8
object_counting_60,22,0.54
object_counting_60,23,0.74
object_counting_60,24,0.92
object_counting_60,25,0.8
object_counting_60,26,0.8
object_counting_60,27,0.7
object_counting_60,28,0.36
object_counting_60,29,0.72
object_counting_60,30,0.44
object_counting_60,31,0.6
object_counting_60,32,0.64
object_counting_60,33,0.68
penguins_in_a_table_14,1,0.7
penguins_in_a_table_14,2,0.74
penguins_in_a_table_14,3,0.76
penguins_in_a_table_14,4,0.66
penguins_in_a_table_14,5,0.8
penguins_in_a_table_14,6,0.66
penguins_in_a_table_14,7,0.82
penguins_in_a_table_14,8,0.86
penguins_in_a_table_14,9,0.94
penguins_in_a_table_14,10,0.9
penguins_in_a_table_14,11,0.84
penguins_in_a_table_14,12,0.96
penguins_in_a_table_14,13,0.9
penguins_in_a_table_14,14,0.86
penguins_in_a_table_14,15,0.86
penguins_in_a_table_14,16,0.82
penguins_in_a_table_14,17,0.82
penguins_in_a_table_14,18,0.9
penguins_in_a_table_14,19,0.92
penguins_in_a_table_14,20,0.9
penguins_in_a_table_14,21,0.94
penguins_in_a_table_14,22,0.9
penguins_in_a_table_14,23,0.9
penguins_in_a_table_14,24,0.88
penguins_in_a_table_14,25,0.92
penguins_in_a_table_14,26,0.86
penguins_in_a_table_14,27,0.78
penguins_in_a_table_14,28,0.46
penguins_in_a_table_14,29,0.52
penguins_in_a_table_14,30,0.74
penguins_in_a_table_14,31,0.82
penguins_in_a_table_14,32,0.52
penguins_in_a_table_14,33,0.88
penguins_in_a_table_14,34,0.68
penguins_in_a_table_14,35,0.6
penguins_in_a_table_14,36,0.74
object_counting_15,1,0.26
object_counting_15,2,0.26
object_counting_15,3,0.18
object_counting_15,4,0.02
object_counting_15,5,0.36
object_counting_15,6,0.22
object_counting_15,7,0.56
object_counting_15,8,0.1
object_counting_15,9,0.22
object_counting_15,10,0.48
object_counting_15,11,0.48
object_counting_15,12,0.58
object_counting_15,13,0.08
object_counting_15,14,0.12
object_counting_15,15,0.2
object_counting_15,16,0.42
object_counting_15,17,0.06
object_counting_15,18,0.02
object_counting_15,19,0.54
object_counting_15,20,0.6
object_counting_15,21,0.42
object_counting_15,22,0.2
object_counting_15,23,0.74
object_counting_15,24,0.3
object_counting_15,25,0.32
object_counting_15,26,0.06
object_counting_15,27,0.54
object_counting_15,28,0.2
object_counting_15,29,0.48
object_counting_15,30,0.16
object_counting_15,31,0.32
object_counting_15,32,0.4
object_counting_15,33,0.2
object_counting_15,34,0.3
object_counting_15,35,0
object_counting_15,36,0.5
object_counting_15,37,0.3
object_counting_15,38,0.64
object_counting_15,39,0.46
object_counting_15,40,0.58
object_counting_15,41,0.6
object_counting_15,42,0.64
geometric_shapes_1,1,0.32
geometric_shapes_1,2,0.38
geometric_shapes_1,3,0.26
geometric_shapes_1,4,0.28
geometric_shapes_1,5,0.14
geometric_shapes_1,6,0.44
geometric_shapes_1,7,0.38
geometric_shapes_1,8,0.38
geometric_shapes_1,9,0.32
geometric_shapes_1,10,0.42
geometric_shapes_1,11,0.46
geometric_shapes_1,12,0.3
geometric_shapes_1,13,0.36
geometric_shapes_1,14,0.2
geometric_shapes_1,15,0.38
geometric_shapes_1,16,0.4
geometric_shapes_1,17,0.46
geometric_shapes_1,18,0.42
geometric_shapes_1,19,0.36
geometric_shapes_1,20,0.42
geometric_shapes_1,21,0.48
geometric_shapes_1,22,0.2
geometric_shapes_1,23,0.42
geometric_shapes_1,24,0.4
geometric_shapes_1,25,0.36
geometric_shapes_1,26,0.32
geometric_shapes_1,27,0.36
geometric_shapes_1,28,0.36
geometric_shapes_1,29,0.34
geometric_shapes_1,30,0.4
geometric_shapes_1,31,0.34
geometric_shapes_1,32,0.32
geometric_shapes_1,33,0.36
geometric_shapes_1,34,0.34
geometric_shapes_1,35,0.12
geometric_shapes_1,36,0.34
geometric_shapes_1,37,0.34
geometric_shapes_1,38,0.34
geometric_shapes_1,39,0.34
geometric_shapes_1,40,0.32
geometric_shapes_1,41,0.42
geometric_shapes_1,42,0.4
geometric_shapes_1,43,0.42
geometric_shapes_1,44,0.36
geometric_shapes_1,45,0.42
geometric_shapes_1,46,0.4
geometric_shapes_1,47,0.4
geometric_shapes_1,48,0.3
geometric_shapes_1,49,0.5
geometric_shapes_1,50,0.44
geometric_shapes_1,51,0.36
geometric_shapes_1,52,0.14
geometric_shapes_1,53,0.4
geometric_shapes_1,54,0.26
geometric_shapes_1,55,0.42
geometric_shapes_1,56,0.36
geometric_shapes_1,57,0.42
geometric_shapes_1,58,0.34
geometric_shapes_1,59,0.4
geometric_shapes_1,60,0.38